epoch,time,train/box_loss,train/pose_loss,train/kobj_loss,train/cls_loss,train/dfl_loss,metrics/precision(B),metrics/recall(B),metrics/mAP50(B),metrics/mAP50-95(B),metrics/precision(P),metrics/recall(P),metrics/mAP50(P),metrics/mAP50-95(P),val/box_loss,val/pose_loss,val/kobj_loss,val/cls_loss,val/dfl_loss,lr/pg0,lr/pg1,lr/pg2
1,41.0006,1.17336,8.78871,0.64948,1.07076,1.39573,0.9986,0.98305,0.99422,0.79102,0.04014,0.05085,0.00439,0.00053,0.82579,6.75667,0.35819,0.54894,1.14147,0.000661692,0.000661692,0.000661692
2,80.8491,0.90373,6.89718,0.53534,0.64876,1.18113,0.99647,1,0.995,0.77286,0.33821,0.33898,0.14371,0.04119,0.80484,5.56994,0.20623,0.5382,1.10995,0.00132573,0.00132573,0.00132573
3,165.639,0.88694,5.5863,0.51317,0.62924,1.17988,0.98146,1,0.99367,0.80437,0.52765,0.45763,0.30767,0.06145,0.80969,4.25679,0.20248,0.51067,1.08754,0.00198712,0.00198712,0.00198712
4,250.747,0.87511,4.84882,0.48757,0.64252,1.17276,0.99458,1,0.995,0.83572,0.69054,0.69492,0.576,0.18131,0.70827,3.55102,0.20094,0.48378,0.99974,0.00198812,0.00198812,0.00198812
5,335.542,0.83561,4.24497,0.4704,0.60435,1.15317,0.99841,1,0.995,0.85309,0.81206,0.81356,0.74683,0.30185,0.66337,2.98522,0.21224,0.41435,0.9526,0.00198416,0.00198416,0.00198416
6,420.957,0.78403,3.78229,0.44947,0.55295,1.10748,0.99687,1,0.995,0.82018,0.79571,0.79661,0.72584,0.25173,0.71605,3.12551,0.17118,0.46669,1.03077,0.0019802,0.0019802,0.0019802
7,505.835,0.74439,3.38686,0.43528,0.52424,1.08859,0.99312,1,0.995,0.79841,0.84163,0.84746,0.78359,0.23978,0.76172,3.03627,0.18598,0.57033,1.03,0.00197624,0.00197624,0.00197624
8,590.406,0.76839,3.36807,0.42217,0.53867,1.10002,0.99908,1,0.995,0.84244,0.86346,0.86441,0.8461,0.45068,0.69633,2.31325,0.15807,0.40902,0.9914,0.00197228,0.00197228,0.00197228
9,683.367,0.71569,3.06372,0.40609,0.50544,1.07995,0.99673,1,0.995,0.85326,0.84456,0.84746,0.83384,0.42488,0.64646,2.34056,0.16664,0.37979,0.95101,0.00196832,0.00196832,0.00196832
10,780.684,0.69403,2.89271,0.38539,0.47882,1.05392,0.99802,1,0.995,0.85038,0.82883,0.83051,0.78394,0.3636,0.62115,2.63609,0.15032,0.37302,0.97177,0.00196436,0.00196436,0.00196436
11,870.848,0.7061,2.89155,0.38314,0.48765,1.07748,0.99817,1,0.995,0.8439,0.89666,0.89831,0.87052,0.51537,0.61069,1.98942,0.1683,0.34133,0.95263,0.0019604,0.0019604,0.0019604
12,958.462,0.6806,2.6908,0.36957,0.47103,1.04607,0.99871,1,0.995,0.84596,0.96483,0.9661,0.95782,0.47465,0.60337,2.0004,0.14859,0.35158,0.948,0.00195644,0.00195644,0.00195644
13,1046.93,0.68824,2.56688,0.35162,0.4664,1.0562,0.9988,1,0.995,0.8519,0.79564,0.79661,0.73704,0.39484,0.59148,2.21053,0.11206,0.35275,0.95265,0.00195248,0.00195248,0.00195248
14,1135.52,0.66202,2.50109,0.3444,0.46206,1.04311,0.99893,1,0.995,0.89325,0.9312,0.9322,0.93116,0.55066,0.53255,1.73857,0.1083,0.32906,0.90044,0.00194852,0.00194852,0.00194852
15,1223.97,0.66072,2.45676,0.33263,0.45309,1.03644,0.99636,1,0.995,0.84648,0.94562,0.94915,0.94476,0.59404,0.58785,1.65491,0.11992,0.32644,0.93001,0.00194456,0.00194456,0.00194456
16,1310.86,0.64571,2.33744,0.32964,0.43068,1.0278,0.9984,1,0.995,0.88557,0.96455,0.9661,0.96473,0.60455,0.5497,1.70046,0.10538,0.33243,0.89105,0.0019406,0.0019406,0.0019406
17,1397.42,0.6227,2.26111,0.3225,0.42849,1.02761,0.99884,1,0.995,0.86849,0.99884,1,0.995,0.56058,0.54009,1.56219,0.10864,0.31509,0.8997,0.00193664,0.00193664,0.00193664
18,1482.94,0.62287,2.25095,0.31131,0.4293,1.01512,0.99889,1,0.995,0.87327,0.98194,0.98305,0.98465,0.61793,0.55552,1.57531,0.10031,0.2999,0.91902,0.00193268,0.00193268,0.00193268
19,1567.15,0.61335,2.17014,0.31355,0.41683,1.02851,0.99893,1,0.995,0.8958,0.96507,0.9661,0.97228,0.58856,0.52849,1.61182,0.10913,0.306,0.8959,0.00192872,0.00192872,0.00192872
20,1605.1,0.61439,2.05997,0.29504,0.40995,1.01018,0.99866,1,0.995,0.88257,0.99866,1,0.995,0.64307,0.52247,1.39876,0.10989,0.32013,0.88861,0.00192476,0.00192476,0.00192476
21,1652.22,0.61533,2.15571,0.30028,0.41385,1.00665,0.99881,1,0.995,0.8753,0.96495,0.9661,0.9458,0.54652,0.54734,1.50442,0.10951,0.30783,0.90072,0.0019208,0.0019208,0.0019208
22,1715.96,0.58792,1.94782,0.27189,0.39176,0.99926,0.99855,1,0.995,0.87666,0.99855,1,0.995,0.67342,0.53409,1.37028,0.09719,0.30317,0.89917,0.00191684,0.00191684,0.00191684
23,1802.07,0.5969,1.99952,0.27533,0.4072,0.99973,0.99891,1,0.995,0.90055,0.99891,1,0.995,0.62709,0.49886,1.53234,0.09221,0.3069,0.87086,0.00191288,0.00191288,0.00191288
24,1888.09,0.60007,1.96275,0.28255,0.4135,1.00564,0.99882,1,0.995,0.88962,0.99882,1,0.995,0.69329,0.51577,1.32946,0.07721,0.31943,0.90293,0.00190892,0.00190892,0.00190892
25,1976.39,0.58555,1.89847,0.25987,0.39075,0.9955,0.99813,1,0.995,0.87042,0.99813,1,0.995,0.65098,0.54403,1.41273,0.06724,0.32144,0.90128,0.00190496,0.00190496,0.00190496
26,2063.17,0.59699,1.88251,0.26656,0.39384,0.99925,0.99784,1,0.995,0.88339,0.98093,0.98305,0.98121,0.67549,0.53399,1.37743,0.09287,0.29026,0.89366,0.001901,0.001901,0.001901
27,2149.51,0.57802,1.85945,0.25562,0.38912,1.00139,0.99886,1,0.995,0.89359,0.99886,1,0.995,0.73758,0.50716,1.17329,0.07386,0.30162,0.88048,0.00189704,0.00189704,0.00189704
28,2234.99,0.5787,1.84344,0.25724,0.38246,0.9949,0.99905,1,0.995,0.87871,0.99905,1,0.995,0.70485,0.51846,1.23953,0.06983,0.29935,0.88919,0.00189308,0.00189308,0.00189308
29,2322.58,0.57987,1.88708,0.25907,0.39056,0.98806,0.99873,1,0.995,0.87785,0.9818,0.98305,0.98559,0.69605,0.52095,1.19055,0.07462,0.28864,0.88835,0.00188912,0.00188912,0.00188912
30,2408.49,0.57371,1.80278,0.25999,0.38115,0.98963,0.99897,1,0.995,0.85801,0.99897,1,0.995,0.68983,0.57057,1.20455,0.08623,0.29662,0.93627,0.00188516,0.00188516,0.00188516
31,2494.67,0.57469,1.77727,0.25202,0.37964,0.9955,0.99878,1,0.995,0.87484,0.99878,1,0.995,0.69318,0.54773,1.23426,0.06812,0.2855,0.90338,0.0018812,0.0018812,0.0018812
32,2582.17,0.56076,1.7707,0.25112,0.3746,0.98232,0.99898,1,0.995,0.89297,0.99898,1,0.995,0.68259,0.52591,1.24693,0.07502,0.29389,0.89671,0.00187724,0.00187724,0.00187724
33,2671.64,0.53566,1.68103,0.24935,0.35955,0.97274,0.99886,1,0.995,0.87645,0.98193,0.98305,0.97989,0.67793,0.49017,1.20331,0.06928,0.27692,0.87818,0.00187328,0.00187328,0.00187328
34,2758.08,0.54053,1.73484,0.23777,0.36348,0.97593,0.99892,1,0.995,0.88335,0.99892,1,0.995,0.73695,0.52182,1.1068,0.07152,0.28374,0.90888,0.00186932,0.00186932,0.00186932
35,2843.8,0.5286,1.62763,0.25443,0.35178,0.96046,0.999,1,0.995,0.87767,0.999,1,0.995,0.73605,0.53832,1.06187,0.07978,0.27731,0.88714,0.00186536,0.00186536,0.00186536
36,2929.97,0.52861,1.63625,0.23128,0.35616,0.96641,0.99893,1,0.995,0.90101,0.99893,1,0.995,0.72504,0.50154,1.12887,0.06601,0.2752,0.87197,0.0018614,0.0018614,0.0018614
37,3016.2,0.53718,1.56374,0.2404,0.36037,0.98226,0.9988,1,0.995,0.90043,0.98187,0.98305,0.9869,0.71157,0.50549,1.15583,0.06847,0.27012,0.89008,0.00185744,0.00185744,0.00185744
38,3101.07,0.52742,1.58864,0.23683,0.35833,0.96395,0.99899,1,0.995,0.9137,0.99899,1,0.995,0.77672,0.48777,1.02097,0.06607,0.27786,0.87067,0.00185348,0.00185348,0.00185348
39,3185.99,0.53507,1.58312,0.23305,0.36046,0.98076,0.99893,1,0.995,0.89184,0.99893,1,0.995,0.74969,0.50283,1.06466,0.06935,0.26576,0.88847,0.00184952,0.00184952,0.00184952
40,3271.14,0.53127,1.6282,0.23328,0.35531,0.97745,0.99899,1,0.995,0.90898,0.99899,1,0.995,0.73823,0.46679,1.04347,0.05588,0.25275,0.85644,0.00184556,0.00184556,0.00184556
41,3356.92,0.52373,1.50848,0.21768,0.34643,0.95894,0.99892,1,0.995,0.87133,0.99892,1,0.995,0.70025,0.52934,1.11703,0.0546,0.27044,0.88928,0.0018416,0.0018416,0.0018416
42,3442.78,0.53764,1.54576,0.22111,0.35749,0.96807,0.99894,1,0.995,0.90771,0.99894,1,0.995,0.76818,0.4959,1.02606,0.0536,0.25919,0.87364,0.00183764,0.00183764,0.00183764
43,3536.53,0.53234,1.49258,0.21698,0.35249,0.96888,0.99885,1,0.995,0.8954,0.98192,0.98305,0.978,0.70368,0.49985,1.11127,0.06669,0.26511,0.88396,0.00183368,0.00183368,0.00183368
44,3624.54,0.52791,1.49715,0.22659,0.35194,0.97045,0.99898,1,0.995,0.89701,0.98205,0.98305,0.97961,0.73575,0.50159,1.09938,0.05902,0.26341,0.88373,0.00182972,0.00182972,0.00182972
45,3710.82,0.5215,1.52008,0.22009,0.34696,0.96138,0.99868,1,0.995,0.89266,0.99868,1,0.995,0.75704,0.49211,1.01903,0.05657,0.2645,0.88773,0.00182576,0.00182576,0.00182576
46,3795,0.51127,1.4613,0.21992,0.33892,0.96073,0.99894,1,0.995,0.91002,0.99894,1,0.995,0.77075,0.46531,0.96947,0.05471,0.25302,0.85795,0.0018218,0.0018218,0.0018218
47,3878.9,0.50657,1.42214,0.1997,0.33678,0.94813,0.99892,1,0.995,0.89397,0.99892,1,0.995,0.76282,0.51224,0.97361,0.05075,0.27797,0.88772,0.00181784,0.00181784,0.00181784
48,3918.46,0.54079,1.52227,0.21455,0.36038,0.97062,0.99353,1,0.995,0.89462,0.99353,1,0.995,0.77438,0.49454,0.99998,0.05238,0.27973,0.87175,0.00181388,0.00181388,0.00181388
49,3953.11,0.51953,1.42371,0.20675,0.34808,0.95918,0.99901,1,0.995,0.90053,0.98208,0.98305,0.9814,0.76424,0.46726,0.94106,0.04822,0.26675,0.8572,0.00180992,0.00180992,0.00180992
50,3987.81,0.48907,1.35355,0.20139,0.32385,0.94805,0.99896,1,0.995,0.91127,0.99896,1,0.995,0.8035,0.46039,0.90941,0.05436,0.25361,0.8504,0.00180596,0.00180596,0.00180596
51,4022.71,0.52274,1.4369,0.19919,0.34838,0.96835,0.99899,1,0.995,0.90772,0.99899,1,0.995,0.77464,0.48399,0.99851,0.04287,0.26158,0.8699,0.001802,0.001802,0.001802
52,4057.68,0.49759,1.36657,0.19922,0.32591,0.95214,0.999,1,0.995,0.87053,0.98207,0.98305,0.98514,0.76134,0.50874,0.95481,0.04323,0.26609,0.88987,0.00179804,0.00179804,0.00179804
53,4092.42,0.50714,1.36807,0.20163,0.33504,0.95433,0.99887,1,0.995,0.92276,0.99887,1,0.995,0.79725,0.44802,0.87608,0.05279,0.24769,0.84746,0.00179408,0.00179408,0.00179408
54,4127.43,0.50962,1.38728,0.19808,0.33828,0.95641,0.99894,1,0.995,0.90866,0.99894,1,0.995,0.76663,0.4619,0.95113,0.05048,0.26535,0.86817,0.00179012,0.00179012,0.00179012
55,4162.49,0.49773,1.29078,0.18874,0.32426,0.95159,0.99897,1,0.995,0.91354,0.99897,1,0.995,0.78323,0.4917,0.92634,0.04696,0.2667,0.8554,0.00178616,0.00178616,0.00178616
56,4197.22,0.49512,1.34513,0.19305,0.33682,0.94228,0.99907,1,0.995,0.90692,0.99907,1,0.995,0.7748,0.47059,0.92431,0.04161,0.24984,0.85491,0.0017822,0.0017822,0.0017822
57,4231.81,0.48045,1.28614,0.19183,0.32506,0.93731,0.99901,1,0.995,0.90766,0.99901,1,0.995,0.80468,0.46125,0.87387,0.04409,0.24325,0.86228,0.00177824,0.00177824,0.00177824
58,4266.64,0.49108,1.37157,0.19467,0.33468,0.95069,0.99878,1,0.995,0.91465,0.99878,1,0.995,0.77292,0.45323,0.9164,0.04745,0.24565,0.8484,0.00177428,0.00177428,0.00177428
59,4302.39,0.48745,1.32232,0.18986,0.32425,0.94396,0.99892,1,0.995,0.92897,0.99892,1,0.995,0.8337,0.43606,0.83019,0.04717,0.23291,0.83645,0.00177032,0.00177032,0.00177032
60,4337.63,0.48032,1.348,0.19438,0.3198,0.95426,0.99894,1,0.995,0.91965,0.99894,1,0.995,0.81564,0.45206,0.83667,0.04473,0.24599,0.85379,0.00176636,0.00176636,0.00176636
61,4373.54,0.4878,1.23778,0.18987,0.32589,0.94634,0.99902,1,0.995,0.92233,0.99902,1,0.995,0.82624,0.46838,0.86366,0.04561,0.25536,0.85467,0.0017624,0.0017624,0.0017624
62,4409.5,0.4751,1.24064,0.1839,0.31544,0.94344,0.99848,1,0.995,0.91289,0.99848,1,0.995,0.78182,0.46732,0.86328,0.04714,0.25266,0.85282,0.00175844,0.00175844,0.00175844
63,4446.28,0.48157,1.23361,0.17918,0.32382,0.94639,0.99859,1,0.995,0.90306,0.99859,1,0.995,0.8299,0.48513,0.80216,0.03966,0.24681,0.87007,0.00175448,0.00175448,0.00175448
64,4482.19,0.49815,1.25752,0.17873,0.33349,0.95938,0.99904,1,0.995,0.91626,0.99904,1,0.995,0.81462,0.4684,0.8269,0.03928,0.25865,0.86245,0.00175052,0.00175052,0.00175052
65,4518.43,0.47747,1.22222,0.18014,0.32159,0.94106,0.99905,1,0.995,0.90648,0.99905,1,0.995,0.80759,0.4713,0.85985,0.0466,0.24537,0.86636,0.00174656,0.00174656,0.00174656
66,4555.09,0.48447,1.27938,0.17848,0.31957,0.94527,0.99905,1,0.995,0.91144,0.99905,1,0.995,0.82414,0.46555,0.84677,0.03633,0.24561,0.85648,0.0017426,0.0017426,0.0017426
67,4591.66,0.48203,1.2017,0.18234,0.31296,0.95227,0.99892,1,0.995,0.91259,0.99892,1,0.995,0.766,0.46371,0.93315,0.03528,0.24495,0.85938,0.00173864,0.00173864,0.00173864
68,4627.92,0.47543,1.16513,0.17252,0.30888,0.93708,0.99902,1,0.995,0.90198,0.99902,1,0.995,0.83648,0.46544,0.825,0.04165,0.24572,0.86472,0.00173468,0.00173468,0.00173468
69,4664.14,0.4822,1.21236,0.18522,0.3166,0.94398,0.99902,1,0.995,0.9293,0.99902,1,0.995,0.82175,0.44091,0.78438,0.03802,0.23733,0.84453,0.00173072,0.00173072,0.00173072
70,4700.7,0.47309,1.14194,0.175,0.30752,0.94121,0.99904,1,0.995,0.92073,0.99904,1,0.995,0.82522,0.4545,0.79359,0.03872,0.24972,0.85452,0.00172676,0.00172676,0.00172676
71,4736.96,0.45719,1.11677,0.18205,0.30477,0.93135,0.99905,1,0.995,0.92917,0.99905,1,0.995,0.80296,0.45255,0.88046,0.04574,0.24255,0.85808,0.0017228,0.0017228,0.0017228
72,4773.53,0.46626,1.11427,0.17088,0.3033,0.93829,0.99904,1,0.995,0.91703,0.99904,1,0.995,0.82194,0.45895,0.78299,0.04075,0.23787,0.87047,0.00171884,0.00171884,0.00171884
73,4809.96,0.47164,1.2307,0.18227,0.31669,0.94697,0.99905,1,0.995,0.91949,0.99905,1,0.995,0.83101,0.43636,0.82551,0.03808,0.2379,0.85414,0.00171488,0.00171488,0.00171488
74,4846.31,0.46299,1.15737,0.16502,0.30978,0.93575,1,1,0.995,0.92099,1,1,0.995,0.79979,0.44926,0.83828,0.04666,0.23267,0.85281,0.00171092,0.00171092,0.00171092
75,4882.16,0.4807,1.23364,0.17408,0.31321,0.94552,0.99905,1,0.995,0.94432,0.99905,1,0.995,0.85742,0.40648,0.73478,0.03747,0.21428,0.82645,0.00170696,0.00170696,0.00170696
76,4918.57,0.45066,1.16232,0.17309,0.29821,0.92632,0.99904,1,0.995,0.93181,0.99904,1,0.995,0.84711,0.44321,0.76136,0.03835,0.22632,0.83803,0.001703,0.001703,0.001703
77,4954.59,0.47064,1.18954,0.17304,0.31708,0.94037,0.99901,1,0.995,0.91448,0.99901,1,0.995,0.82364,0.44393,0.79577,0.03888,0.2365,0.85693,0.00169904,0.00169904,0.00169904
78,4990.42,0.46461,1.10007,0.16971,0.30317,0.94081,0.99904,1,0.995,0.93331,0.99904,1,0.995,0.84288,0.43341,0.75629,0.03484,0.22716,0.85353,0.00169508,0.00169508,0.00169508
79,5026.81,0.45715,1.09021,0.16629,0.29896,0.93839,0.99886,1,0.995,0.92015,0.99886,1,0.995,0.82555,0.43845,0.73297,0.03542,0.22218,0.84511,0.00169112,0.00169112,0.00169112
80,5063.83,0.45291,1.16425,0.16774,0.31142,0.93289,0.99905,1,0.995,0.92096,0.99905,1,0.995,0.85396,0.43384,0.75212,0.03656,0.23805,0.84159,0.00168716,0.00168716,0.00168716
81,5100.15,0.45353,1.1465,0.16392,0.29992,0.9241,0.99904,1,0.995,0.93406,0.99904,1,0.995,0.85772,0.41548,0.72889,0.03364,0.21337,0.82672,0.0016832,0.0016832,0.0016832
82,5136.42,0.45866,1.14379,0.16944,0.30885,0.9403,0.99907,1,0.995,0.92409,0.99907,1,0.995,0.8189,0.4276,0.74159,0.0361,0.24212,0.83118,0.00167924,0.00167924,0.00167924
83,5172.75,0.45216,1.08693,0.16676,0.29887,0.92909,0.98092,0.9661,0.98666,0.87474,0.98092,0.9661,0.98666,0.7608,0.51295,1.1615,0.05998,0.31884,0.8918,0.00167528,0.00167528,0.00167528
84,5209.37,0.42876,1.06115,0.16207,0.28981,0.92173,0.99903,1,0.995,0.93108,0.99903,1,0.995,0.83909,0.43384,0.71414,0.03859,0.22528,0.84558,0.00167132,0.00167132,0.00167132
85,5245.75,0.41995,1.01927,0.16394,0.28189,0.92032,0.99899,1,0.995,0.93662,0.99899,1,0.995,0.85668,0.45584,0.70436,0.03129,0.21893,0.85179,0.00166736,0.00166736,0.00166736
86,5282.6,0.43418,1.09372,0.16288,0.28874,0.9272,0.99905,1,0.995,0.92725,0.99905,1,0.995,0.83721,0.45495,0.77527,0.03473,0.22489,0.84844,0.0016634,0.0016634,0.0016634
87,5319.56,0.4382,1.05917,0.16666,0.2876,0.92282,0.99896,1,0.995,0.92656,0.99896,1,0.995,0.84508,0.45056,0.7936,0.03281,0.2372,0.85061,0.00165944,0.00165944,0.00165944
88,5356.51,0.43986,1.08421,0.16064,0.29524,0.91649,0.99883,1,0.995,0.89909,0.99883,1,0.995,0.83159,0.4678,0.70855,0.02866,0.23239,0.8761,0.00165548,0.00165548,0.00165548
89,5393.17,0.43227,1.04189,0.16141,0.28587,0.91692,0.99899,1,0.995,0.92473,0.99899,1,0.995,0.84016,0.43478,0.72817,0.03393,0.22159,0.84998,0.00165152,0.00165152,0.00165152
90,5429.82,0.43608,1.07351,0.16175,0.28838,0.92698,0.99902,1,0.995,0.91139,0.99902,1,0.995,0.85889,0.45533,0.69638,0.03924,0.23626,0.86822,0.00164756,0.00164756,0.00164756
91,5466.11,0.44119,1.05463,0.15678,0.29583,0.92085,0.99894,1,0.995,0.92632,0.99894,1,0.995,0.84005,0.43917,0.77252,0.03551,0.22997,0.84817,0.0016436,0.0016436,0.0016436
92,5502.46,0.43537,1.05117,0.16236,0.29307,0.92037,0.99898,1,0.995,0.92104,0.99898,1,0.995,0.87277,0.43891,0.68475,0.03768,0.2227,0.84931,0.00163964,0.00163964,0.00163964
93,5538.28,0.44281,1.06218,0.15976,0.30085,0.91943,0.99903,1,0.995,0.93273,0.99903,1,0.995,0.86084,0.45073,0.69328,0.03673,0.22921,0.8498,0.00163568,0.00163568,0.00163568
94,5573.27,0.43262,1.13277,0.15825,0.29188,0.91786,0.99903,1,0.995,0.92715,0.99903,1,0.995,0.86052,0.45219,0.70676,0.03073,0.22259,0.85199,0.00163172,0.00163172,0.00163172
95,5608.71,0.42307,1.01793,0.15807,0.28091,0.91422,0.99903,1,0.995,0.92772,0.99903,1,0.995,0.86583,0.42918,0.67245,0.03191,0.21184,0.83211,0.00162776,0.00162776,0.00162776
96,5644.73,0.42481,1.03544,0.15048,0.28201,0.91322,0.99904,1,0.995,0.93772,0.99904,1,0.995,0.86301,0.42897,0.68928,0.03437,0.23219,0.83989,0.0016238,0.0016238,0.0016238
97,5680.22,0.43752,1.09042,0.15906,0.28784,0.92912,0.99897,1,0.995,0.93075,0.99897,1,0.995,0.86928,0.44803,0.64429,0.03805,0.22333,0.8484,0.00161984,0.00161984,0.00161984
98,5715.88,0.43297,1.01152,0.15278,0.28472,0.92122,0.99908,1,0.995,0.92516,0.99908,1,0.995,0.86273,0.45419,0.68932,0.02926,0.21745,0.84893,0.00161588,0.00161588,0.00161588
99,5750.89,0.41925,0.9674,0.14693,0.27934,0.91198,0.99882,1,0.995,0.92265,0.99882,1,0.995,0.87887,0.44712,0.65356,0.04029,0.22343,0.84705,0.00161192,0.00161192,0.00161192
100,5785.48,0.42897,0.9892,0.15745,0.28521,0.91913,0.99897,1,0.995,0.93636,0.99897,1,0.995,0.87298,0.4407,0.63022,0.03778,0.23068,0.85205,0.00160796,0.00160796,0.00160796
101,5820.2,0.43502,1.0001,0.14618,0.28431,0.91891,0.99897,1,0.995,0.91859,0.99897,1,0.995,0.83065,0.44307,0.6992,0.03247,0.24239,0.85456,0.001604,0.001604,0.001604
102,5854.87,0.43747,1.01244,0.15112,0.28278,0.91401,0.99855,1,0.995,0.92434,0.99855,1,0.995,0.85039,0.43532,0.70857,0.02728,0.21997,0.84072,0.00160004,0.00160004,0.00160004
103,5889.66,0.42736,0.95564,0.14384,0.27873,0.92135,0.99905,1,0.995,0.91354,0.99905,1,0.995,0.86678,0.47467,0.6821,0.0344,0.23311,0.86286,0.00159608,0.00159608,0.00159608
104,5924.61,0.42233,1.00282,0.14613,0.28075,0.92058,0.99888,1,0.995,0.93746,0.99888,1,0.995,0.85487,0.43023,0.67491,0.02914,0.21751,0.8502,0.00159212,0.00159212,0.00159212
105,5960.21,0.40135,0.9741,0.14183,0.27644,0.90902,0.99906,1,0.995,0.93387,0.99906,1,0.995,0.88953,0.43404,0.63044,0.03133,0.22194,0.85575,0.00158816,0.00158816,0.00158816
106,5995.46,0.41305,0.91654,0.14591,0.27967,0.91386,0.99876,1,0.995,0.94457,0.99876,1,0.995,0.87878,0.40384,0.63324,0.03005,0.20878,0.83467,0.0015842,0.0015842,0.0015842
107,6030.02,0.42211,0.98802,0.14627,0.28048,0.91214,0.99856,1,0.995,0.93146,0.99856,1,0.995,0.87396,0.43612,0.66186,0.03235,0.21664,0.85283,0.00158024,0.00158024,0.00158024
108,6064.61,0.41466,0.96343,0.14769,0.28015,0.92036,0.99903,1,0.995,0.94104,0.99903,1,0.995,0.87954,0.41516,0.62714,0.02972,0.20588,0.83337,0.00157628,0.00157628,0.00157628
109,6099.13,0.42593,0.9299,0.13687,0.2839,0.91734,0.99905,1,0.995,0.93082,0.99905,1,0.995,0.86754,0.43403,0.64981,0.02637,0.20771,0.85088,0.00157232,0.00157232,0.00157232
110,6134.13,0.41852,0.98138,0.13906,0.27794,0.90724,0.999,1,0.995,0.92999,0.999,1,0.995,0.87353,0.41684,0.66072,0.03198,0.21249,0.84596,0.00156836,0.00156836,0.00156836
111,6168.88,0.41423,0.96144,0.14841,0.28113,0.91455,0.99905,1,0.995,0.93384,0.99905,1,0.995,0.87003,0.41431,0.66152,0.03152,0.21509,0.8433,0.0015644,0.0015644,0.0015644
112,6203.58,0.39406,0.88721,0.13702,0.26309,0.90531,0.99908,1,0.995,0.93258,0.99908,1,0.995,0.87737,0.40951,0.65938,0.03104,0.22206,0.84028,0.00156044,0.00156044,0.00156044
113,6238.7,0.40969,0.92625,0.1405,0.27118,0.91033,0.99901,1,0.995,0.92688,0.99901,1,0.995,0.87324,0.4217,0.6654,0.03311,0.22315,0.83889,0.00155648,0.00155648,0.00155648
114,6273.96,0.41134,0.91048,0.14313,0.27538,0.91461,0.99907,1,0.995,0.93035,0.99907,1,0.995,0.86797,0.42174,0.62911,0.03027,0.21996,0.83445,0.00155252,0.00155252,0.00155252
115,6309.47,0.41067,0.93533,0.13418,0.2732,0.90683,0.99887,1,0.995,0.92835,0.99887,1,0.995,0.88236,0.41837,0.61658,0.02915,0.21453,0.85107,0.00154856,0.00154856,0.00154856
116,6345.06,0.40941,0.9578,0.13904,0.27305,0.90355,0.99891,1,0.995,0.92979,0.99891,1,0.995,0.86297,0.42299,0.62023,0.02855,0.22337,0.83747,0.0015446,0.0015446,0.0015446
117,6381.52,0.41076,0.96904,0.13642,0.27352,0.91633,0.99903,1,0.995,0.94609,0.99903,1,0.995,0.88163,0.40508,0.62963,0.02892,0.21215,0.82494,0.00154064,0.00154064,0.00154064
118,6417.81,0.40933,0.91908,0.13625,0.28009,0.91453,0.99905,1,0.995,0.93675,0.99905,1,0.995,0.8802,0.4384,0.64836,0.03318,0.22094,0.84662,0.00153668,0.00153668,0.00153668
119,6453.6,0.40818,0.91435,0.13796,0.27322,0.91348,0.99905,1,0.995,0.93652,0.99905,1,0.995,0.8879,0.41627,0.65552,0.03197,0.20954,0.8353,0.00153272,0.00153272,0.00153272
120,6489.41,0.41251,0.93269,0.14311,0.27731,0.91849,0.99904,1,0.995,0.93785,0.99904,1,0.995,0.87834,0.41692,0.63404,0.03214,0.2092,0.82964,0.00152876,0.00152876,0.00152876
121,6525.17,0.4022,0.88787,0.13039,0.2696,0.91142,0.99904,1,0.995,0.94456,0.99904,1,0.995,0.89195,0.40613,0.60177,0.02626,0.20597,0.82172,0.0015248,0.0015248,0.0015248
122,6560.53,0.40717,0.89789,0.12928,0.27369,0.90942,0.99904,1,0.995,0.93011,0.99904,1,0.995,0.90301,0.44409,0.5939,0.02623,0.21662,0.84978,0.00152084,0.00152084,0.00152084
123,6597.81,0.40947,0.899,0.13362,0.27032,0.90713,0.99908,1,0.995,0.93321,0.99908,1,0.995,0.89248,0.41259,0.59291,0.02796,0.2084,0.834,0.00151688,0.00151688,0.00151688
124,6632.35,0.4104,0.91136,0.13494,0.27926,0.91225,0.99906,1,0.995,0.93354,0.99906,1,0.995,0.90433,0.41533,0.5679,0.02817,0.22419,0.83692,0.00151292,0.00151292,0.00151292
125,6667.16,0.39976,0.88219,0.13097,0.26671,0.89943,0.99905,1,0.995,0.93334,0.99905,1,0.995,0.88094,0.41359,0.64053,0.029,0.19992,0.83071,0.00150896,0.00150896,0.00150896
126,6702,0.39925,0.90821,0.13485,0.26572,0.90122,0.99906,1,0.995,0.9383,0.99906,1,0.995,0.8891,0.41502,0.62347,0.02784,0.20357,0.83814,0.001505,0.001505,0.001505
127,6737.76,0.40187,0.91403,0.13192,0.2741,0.90589,0.99907,1,0.995,0.94133,0.99907,1,0.995,0.90398,0.41211,0.60701,0.03122,0.21175,0.83649,0.00150104,0.00150104,0.00150104
128,6773.65,0.40236,0.87318,0.12917,0.26729,0.90845,0.99908,1,0.995,0.93766,0.99908,1,0.995,0.89773,0.42731,0.60276,0.02842,0.20619,0.84513,0.00149708,0.00149708,0.00149708
129,6809.6,0.40192,0.86787,0.12869,0.26756,0.91036,0.99905,1,0.995,0.94096,0.99905,1,0.995,0.89813,0.40973,0.59571,0.03078,0.21149,0.83467,0.00149312,0.00149312,0.00149312
130,6845.37,0.4132,0.90166,0.12622,0.27491,0.91057,0.99905,1,0.995,0.93807,0.99905,1,0.995,0.88235,0.41582,0.61848,0.029,0.20207,0.83923,0.00148916,0.00148916,0.00148916
131,6880.94,0.39003,0.90544,0.1391,0.26268,0.90367,0.99906,1,0.995,0.94024,0.99906,1,0.995,0.89689,0.39573,0.5847,0.03648,0.20313,0.82675,0.0014852,0.0014852,0.0014852
132,6916.26,0.39721,0.95425,0.13327,0.26926,0.90809,0.99905,1,0.995,0.92615,0.99905,1,0.995,0.86876,0.41767,0.61722,0.02728,0.20168,0.83058,0.00148124,0.00148124,0.00148124
133,6951.09,0.39753,0.83868,0.13275,0.26359,0.90833,0.99905,1,0.995,0.93085,0.99905,1,0.995,0.89213,0.42991,0.61085,0.03269,0.21068,0.84493,0.00147728,0.00147728,0.00147728
134,6985.87,0.39139,0.88128,0.12748,0.26041,0.90099,0.99905,1,0.995,0.93427,0.99905,1,0.995,0.8735,0.4185,0.59148,0.02512,0.20957,0.84724,0.00147332,0.00147332,0.00147332
135,7020.65,0.38721,0.88975,0.13319,0.25621,0.9105,0.99908,1,0.995,0.94277,0.99908,1,0.995,0.90563,0.40274,0.57963,0.02937,0.19801,0.82798,0.00146936,0.00146936,0.00146936
136,7055.91,0.39469,0.87433,0.13116,0.26052,0.90136,0.99907,1,0.995,0.93902,0.99907,1,0.995,0.89093,0.41694,0.58937,0.02373,0.20949,0.8374,0.0014654,0.0014654,0.0014654
137,7092.36,0.38277,0.84246,0.13436,0.25551,0.90532,0.99903,1,0.995,0.9365,0.99903,1,0.995,0.89232,0.40064,0.57759,0.02785,0.2009,0.82885,0.00146144,0.00146144,0.00146144
138,7128.57,0.39386,0.89412,0.12964,0.26671,0.90731,0.99907,1,0.995,0.91828,0.99907,1,0.995,0.87496,0.44026,0.61514,0.02557,0.21246,0.84866,0.00145748,0.00145748,0.00145748
139,7164.57,0.38182,0.84144,0.12516,0.26078,0.89392,0.99905,1,0.995,0.93193,0.99905,1,0.995,0.89836,0.41824,0.59118,0.02988,0.2122,0.84645,0.00145352,0.00145352,0.00145352
140,7200.35,0.39426,0.82698,0.12311,0.26296,0.91275,0.99908,1,0.995,0.9347,0.99908,1,0.995,0.89324,0.42104,0.60291,0.02757,0.20498,0.83226,0.00144956,0.00144956,0.00144956
141,7235.05,0.39695,0.84075,0.12017,0.26532,0.90738,0.99905,1,0.995,0.93611,0.99905,1,0.995,0.89604,0.44041,0.57806,0.02436,0.20746,0.83872,0.0014456,0.0014456,0.0014456
142,7270.26,0.39833,0.86884,0.12756,0.26075,0.91238,0.99902,1,0.995,0.93516,0.99902,1,0.995,0.88838,0.4339,0.58241,0.02724,0.21287,0.84099,0.00144164,0.00144164,0.00144164
143,7306.41,0.38904,0.83488,0.12084,0.25725,0.89455,0.99904,1,0.995,0.93606,0.99904,1,0.995,0.8962,0.44202,0.59917,0.02984,0.22205,0.84529,0.00143768,0.00143768,0.00143768
144,7342.64,0.39456,0.86355,0.12427,0.26508,0.91399,0.99907,1,0.995,0.93845,0.99907,1,0.995,0.89774,0.42285,0.61495,0.02967,0.20901,0.83389,0.00143372,0.00143372,0.00143372
145,7378.33,0.38118,0.82809,0.12915,0.26033,0.90507,0.99907,1,0.995,0.93931,0.99907,1,0.995,0.91311,0.41211,0.56729,0.02972,0.20769,0.8287,0.00142976,0.00142976,0.00142976
146,7413.61,0.38745,0.82993,0.12667,0.26635,0.90052,0.99908,1,0.995,0.93633,0.99908,1,0.995,0.89545,0.42083,0.58432,0.02884,0.19988,0.83145,0.0014258,0.0014258,0.0014258
147,7448.85,0.38662,0.87328,0.12112,0.25967,0.8981,0.99906,1,0.995,0.94567,0.99906,1,0.995,0.90667,0.41346,0.55577,0.02464,0.20219,0.83525,0.00142184,0.00142184,0.00142184
148,7484.89,0.38174,0.81503,0.12273,0.25642,0.90402,0.99892,1,0.995,0.94091,0.99892,1,0.995,0.90075,0.42083,0.55978,0.02168,0.21,0.8346,0.00141788,0.00141788,0.00141788
149,7520.95,0.37791,0.79841,0.12215,0.25561,0.89681,0.99904,1,0.995,0.93914,0.99904,1,0.995,0.89932,0.40192,0.54642,0.02694,0.19935,0.82148,0.00141392,0.00141392,0.00141392
150,7556.85,0.39229,0.82962,0.12909,0.2639,0.90733,0.99906,1,0.995,0.94356,0.99906,1,0.995,0.90335,0.39327,0.55656,0.02711,0.1953,0.81595,0.00140996,0.00140996,0.00140996
151,7591.81,0.36914,0.82505,0.1161,0.25516,0.88885,0.99907,1,0.995,0.9442,0.99907,1,0.995,0.89978,0.40423,0.55572,0.02553,0.20174,0.82452,0.001406,0.001406,0.001406
152,7627.57,0.37621,0.81436,0.11462,0.25483,0.89456,0.99906,1,0.995,0.94451,0.99906,1,0.995,0.88964,0.4048,0.56516,0.02682,0.19913,0.82572,0.00140204,0.00140204,0.00140204
153,7663.21,0.38142,0.83699,0.12173,0.25584,0.90671,0.99908,1,0.995,0.93059,0.99908,1,0.995,0.89726,0.43637,0.60626,0.02604,0.21632,0.85557,0.00139808,0.00139808,0.00139808
154,7698.72,0.37055,0.80993,0.12382,0.25252,0.89807,0.99907,1,0.995,0.94086,0.99907,1,0.995,0.90508,0.40825,0.57911,0.02513,0.19297,0.83236,0.00139412,0.00139412,0.00139412
155,7734.33,0.36966,0.79909,0.12304,0.24962,0.8864,0.99906,1,0.995,0.95074,0.99906,1,0.995,0.91795,0.39863,0.53778,0.02342,0.20182,0.82148,0.00139016,0.00139016,0.00139016
156,7769.99,0.37769,0.82445,0.12079,0.25227,0.89738,0.99907,1,0.995,0.94042,0.99907,1,0.995,0.90843,0.4124,0.54752,0.02375,0.19995,0.83275,0.0013862,0.0013862,0.0013862
157,7805.67,0.37832,0.81659,0.12299,0.25912,0.89731,0.99904,1,0.995,0.93426,0.99904,1,0.995,0.89832,0.41209,0.55187,0.0286,0.20774,0.83311,0.00138224,0.00138224,0.00138224
158,7841.42,0.37719,0.76948,0.12041,0.25523,0.90015,0.99898,1,0.995,0.93943,0.99898,1,0.995,0.89318,0.40526,0.57801,0.02475,0.20457,0.82702,0.00137828,0.00137828,0.00137828
159,7876.61,0.36578,0.75597,0.11675,0.2504,0.88816,0.99895,1,0.995,0.94065,0.99895,1,0.995,0.90122,0.39707,0.58458,0.02281,0.18822,0.82223,0.00137432,0.00137432,0.00137432
160,7911.63,0.363,0.77579,0.1198,0.24693,0.89434,0.99902,1,0.995,0.93855,0.99902,1,0.995,0.9049,0.39889,0.53746,0.02205,0.2008,0.82102,0.00137036,0.00137036,0.00137036
161,7946.33,0.38411,0.82742,0.1235,0.25911,0.90762,0.99903,1,0.995,0.93493,0.99903,1,0.995,0.89939,0.42565,0.56967,0.02328,0.20006,0.83695,0.0013664,0.0013664,0.0013664
162,7981.29,0.37234,0.83422,0.12355,0.25371,0.89922,0.99903,1,0.995,0.93523,0.99903,1,0.995,0.89375,0.40491,0.54614,0.02383,0.20148,0.82585,0.00136244,0.00136244,0.00136244
163,8016.18,0.37155,0.80114,0.12115,0.25171,0.89136,0.99897,1,0.995,0.93281,0.99897,1,0.995,0.91778,0.40598,0.53655,0.02315,0.20064,0.82804,0.00135848,0.00135848,0.00135848
164,8051.13,0.37841,0.80318,0.11905,0.25024,0.90088,0.99907,1,0.995,0.93936,0.99907,1,0.995,0.91333,0.41093,0.53715,0.02133,0.20838,0.83015,0.00135452,0.00135452,0.00135452
165,8086.17,0.36678,0.78847,0.11779,0.24891,0.89495,0.99876,1,0.995,0.94105,0.99876,1,0.995,0.91044,0.40073,0.53838,0.02341,0.20327,0.82212,0.00135056,0.00135056,0.00135056
166,8121.34,0.36961,0.75016,0.11822,0.24823,0.89343,0.99904,1,0.995,0.93574,0.99904,1,0.995,0.90688,0.41924,0.58824,0.02517,0.21279,0.8357,0.0013466,0.0013466,0.0013466
167,8156.5,0.37656,0.78947,0.12097,0.25251,0.9045,0.99905,1,0.995,0.94096,0.99905,1,0.995,0.91527,0.41651,0.54134,0.02344,0.20194,0.83095,0.00134264,0.00134264,0.00134264
168,8191.85,0.37158,0.72977,0.12261,0.24664,0.8935,0.99906,1,0.995,0.94456,0.99906,1,0.995,0.9075,0.39752,0.5641,0.02705,0.20564,0.82979,0.00133868,0.00133868,0.00133868
169,8227.35,0.36803,0.79108,0.12335,0.25448,0.89433,0.99905,1,0.995,0.94157,0.99905,1,0.995,0.92045,0.39811,0.54162,0.02292,0.18918,0.82356,0.00133472,0.00133472,0.00133472
170,8262.67,0.35623,0.74296,0.11164,0.23951,0.88418,0.99906,1,0.995,0.93128,0.99906,1,0.995,0.91058,0.41668,0.53263,0.02624,0.20292,0.83891,0.00133076,0.00133076,0.00133076
171,8297.45,0.368,0.78097,0.11576,0.24896,0.89514,0.99907,1,0.995,0.93893,0.99907,1,0.995,0.9138,0.40821,0.53175,0.02508,0.20722,0.82904,0.0013268,0.0013268,0.0013268
172,8333,0.36871,0.78468,0.11586,0.2525,0.8908,0.99906,1,0.995,0.93746,0.99906,1,0.995,0.91241,0.40663,0.53197,0.0264,0.19754,0.83256,0.00132284,0.00132284,0.00132284
173,8368.47,0.36993,0.7417,0.11478,0.24831,0.8898,0.99906,1,0.995,0.93579,0.99906,1,0.995,0.90556,0.40208,0.58936,0.02365,0.20064,0.83493,0.00131888,0.00131888,0.00131888
174,8404.36,0.3612,0.77884,0.11783,0.24684,0.89287,0.99908,1,0.995,0.93476,0.99908,1,0.995,0.90402,0.39482,0.58369,0.02553,0.19083,0.82863,0.00131492,0.00131492,0.00131492
175,8440.11,0.35653,0.74175,0.11675,0.24372,0.89375,0.99905,1,0.995,0.92877,0.99905,1,0.995,0.90172,0.41744,0.53249,0.02163,0.20299,0.83611,0.00131096,0.00131096,0.00131096
176,8474.77,0.35444,0.75593,0.11166,0.23631,0.891,0.99907,1,0.995,0.93681,0.99907,1,0.995,0.89706,0.39841,0.54078,0.02227,0.21073,0.82986,0.001307,0.001307,0.001307
177,8510.08,0.36248,0.74748,0.10737,0.2427,0.89168,0.99906,1,0.995,0.92722,0.99906,1,0.995,0.88681,0.41189,0.51831,0.02417,0.19761,0.8326,0.00130304,0.00130304,0.00130304
178,8544.82,0.359,0.72508,0.11033,0.24176,0.88933,0.99906,1,0.995,0.93294,0.99906,1,0.995,0.9096,0.42633,0.54657,0.02142,0.21205,0.84117,0.00129908,0.00129908,0.00129908
179,8580.43,0.36143,0.73873,0.11507,0.24366,0.89778,0.99906,1,0.995,0.93444,0.99906,1,0.995,0.90895,0.41298,0.53737,0.02291,0.20641,0.83849,0.00129512,0.00129512,0.00129512
180,8615.73,0.35499,0.74545,0.10953,0.23656,0.89001,0.99909,1,0.995,0.9351,0.99909,1,0.995,0.91566,0.40333,0.52986,0.02409,0.19831,0.83851,0.00129116,0.00129116,0.00129116
181,8650.8,0.36851,0.7438,0.10954,0.25154,0.90039,0.99906,1,0.995,0.93634,0.99906,1,0.995,0.90494,0.40862,0.53694,0.02319,0.19513,0.83842,0.0012872,0.0012872,0.0012872
182,8687.69,0.36141,0.74574,0.11325,0.24403,0.8879,0.99908,1,0.995,0.94155,0.99908,1,0.995,0.90131,0.37675,0.53492,0.02282,0.19291,0.8164,0.00128324,0.00128324,0.00128324
183,8723.98,0.36117,0.74711,0.10739,0.23936,0.88889,0.99902,1,0.995,0.94485,0.99902,1,0.995,0.91141,0.3848,0.53555,0.02312,0.19088,0.82647,0.00127928,0.00127928,0.00127928
184,8760.22,0.36341,0.73692,0.10762,0.24618,0.88908,0.99907,1,0.995,0.93585,0.99907,1,0.995,0.90983,0.39471,0.52524,0.02318,0.19147,0.82728,0.00127532,0.00127532,0.00127532
185,8795.9,0.36227,0.7336,0.11938,0.24342,0.89156,0.999,1,0.995,0.93642,0.999,1,0.995,0.89883,0.42477,0.53782,0.02314,0.19317,0.84158,0.00127136,0.00127136,0.00127136
186,8831.22,0.36175,0.75267,0.1115,0.24627,0.8912,0.99901,1,0.995,0.94863,0.99901,1,0.995,0.91705,0.40159,0.51969,0.02379,0.193,0.83471,0.0012674,0.0012674,0.0012674
187,8866.42,0.35649,0.75209,0.10641,0.24093,0.89001,0.99891,1,0.995,0.94099,0.99891,1,0.995,0.91244,0.41047,0.54619,0.02624,0.19565,0.83944,0.00126344,0.00126344,0.00126344
188,8902.14,0.35333,0.73915,0.10998,0.2387,0.88515,0.99895,1,0.995,0.93645,0.99895,1,0.995,0.91002,0.40117,0.53861,0.02302,0.20704,0.83783,0.00125948,0.00125948,0.00125948
189,8937.32,0.34532,0.72379,0.11266,0.23394,0.88195,0.99907,1,0.995,0.93887,0.99907,1,0.995,0.91737,0.39592,0.51534,0.02511,0.19535,0.8358,0.00125552,0.00125552,0.00125552
190,8972.29,0.35131,0.73314,0.11086,0.2375,0.88483,0.9989,1,0.995,0.93942,0.9989,1,0.995,0.91393,0.40612,0.52798,0.02502,0.1967,0.82979,0.00125156,0.00125156,0.00125156
191,9007.5,0.34817,0.7187,0.10769,0.23446,0.88519,0.99898,1,0.995,0.94593,0.99898,1,0.995,0.91861,0.39999,0.53908,0.0218,0.19188,0.82632,0.0012476,0.0012476,0.0012476
192,9043.16,0.35499,0.74071,0.11259,0.24446,0.89707,0.99894,1,0.995,0.94189,0.99894,1,0.995,0.90132,0.39988,0.5252,0.02378,0.1952,0.823,0.00124364,0.00124364,0.00124364
193,9078.23,0.35671,0.71662,0.10974,0.23876,0.89961,0.99856,1,0.995,0.94092,0.99856,1,0.995,0.90907,0.40171,0.52772,0.02125,0.19612,0.82967,0.00123968,0.00123968,0.00123968
194,9113.52,0.35428,0.75885,0.11578,0.24117,0.89316,0.99906,1,0.995,0.93104,0.99906,1,0.995,0.90235,0.40043,0.5153,0.02203,0.19085,0.82643,0.00123572,0.00123572,0.00123572
195,9148.5,0.3476,0.73516,0.10914,0.23867,0.88383,0.99905,1,0.995,0.9371,0.99905,1,0.995,0.90203,0.40546,0.5138,0.0209,0.19593,0.82505,0.00123176,0.00123176,0.00123176
196,9183.95,0.34276,0.72298,0.11553,0.23419,0.87395,0.99906,1,0.995,0.94089,0.99906,1,0.995,0.92237,0.42886,0.49151,0.02302,0.19221,0.83878,0.0012278,0.0012278,0.0012278
197,9219.32,0.34863,0.75028,0.11114,0.23921,0.88249,0.99907,1,0.995,0.93805,0.99907,1,0.995,0.90597,0.41152,0.512,0.02246,0.19771,0.8302,0.00122384,0.00122384,0.00122384
198,9255.59,0.34338,0.75016,0.10938,0.23269,0.88182,0.99908,1,0.995,0.93927,0.99908,1,0.995,0.91474,0.39867,0.49903,0.02356,0.18707,0.82652,0.00121988,0.00121988,0.00121988
199,9290.83,0.34623,0.71977,0.11097,0.2378,0.88929,0.99909,1,0.995,0.9378,0.99909,1,0.995,0.91583,0.39415,0.51114,0.02403,0.18562,0.81993,0.00121592,0.00121592,0.00121592
200,9326.2,0.33941,0.72283,0.10836,0.23516,0.88806,0.99906,1,0.995,0.9382,0.99906,1,0.995,0.90475,0.39656,0.52047,0.02041,0.19181,0.82568,0.00121196,0.00121196,0.00121196
201,9361.25,0.34726,0.7274,0.11236,0.23646,0.88214,0.99905,1,0.995,0.9401,0.99905,1,0.995,0.91165,0.38884,0.50137,0.02279,0.17933,0.82296,0.001208,0.001208,0.001208
202,9397.14,0.3497,0.70027,0.10875,0.24122,0.88763,0.99909,1,0.995,0.94257,0.99909,1,0.995,0.92611,0.39656,0.49819,0.02317,0.18701,0.83071,0.00120404,0.00120404,0.00120404
203,9433.31,0.34737,0.70028,0.10781,0.23381,0.88691,0.99908,1,0.995,0.93706,0.99908,1,0.995,0.90931,0.3955,0.50164,0.02106,0.18283,0.83179,0.00120008,0.00120008,0.00120008
204,9469.14,0.34589,0.70644,0.10731,0.23764,0.88275,0.99905,1,0.995,0.94218,0.99905,1,0.995,0.91483,0.39596,0.51926,0.01896,0.18332,0.83213,0.00119612,0.00119612,0.00119612
205,9504.4,0.34112,0.68787,0.10572,0.23016,0.881,0.99905,1,0.995,0.94284,0.99905,1,0.995,0.90269,0.4012,0.52545,0.02313,0.1857,0.83125,0.00119216,0.00119216,0.00119216
206,9539.87,0.34212,0.68293,0.10561,0.232,0.87888,0.99907,1,0.995,0.94504,0.99907,1,0.995,0.91199,0.39235,0.52704,0.02063,0.19083,0.83019,0.0011882,0.0011882,0.0011882
207,9575.05,0.34338,0.72616,0.11162,0.23886,0.88313,0.99907,1,0.995,0.94281,0.99907,1,0.995,0.91394,0.39879,0.51749,0.02318,0.20369,0.82855,0.00118424,0.00118424,0.00118424
208,9610.5,0.34251,0.70306,0.10919,0.23275,0.88604,0.99907,1,0.995,0.94906,0.99907,1,0.995,0.9263,0.393,0.50679,0.02317,0.20112,0.8221,0.00118028,0.00118028,0.00118028
209,9645.57,0.33921,0.66905,0.10441,0.23293,0.88737,0.99907,1,0.995,0.94672,0.99907,1,0.995,0.92138,0.40099,0.50508,0.01948,0.19202,0.83296,0.00117632,0.00117632,0.00117632
210,9680.94,0.33669,0.67327,0.10857,0.23117,0.88034,0.99905,1,0.995,0.94163,0.99905,1,0.995,0.91679,0.39366,0.4762,0.02254,0.18702,0.83272,0.00117236,0.00117236,0.00117236
211,9716.69,0.3372,0.69807,0.10357,0.23317,0.87516,0.99905,1,0.995,0.93716,0.99905,1,0.995,0.91242,0.40019,0.48884,0.02304,0.19124,0.82927,0.0011684,0.0011684,0.0011684
212,9752.18,0.34085,0.66804,0.11053,0.2326,0.88876,0.99876,1,0.995,0.93353,0.99876,1,0.995,0.91441,0.39942,0.50777,0.02002,0.19392,0.83345,0.00116444,0.00116444,0.00116444
213,9787.31,0.34281,0.68365,0.1098,0.23233,0.87938,0.99908,1,0.995,0.94523,0.99908,1,0.995,0.90589,0.39583,0.51058,0.02121,0.18919,0.82799,0.00116048,0.00116048,0.00116048
214,9822.46,0.34471,0.6832,0.10824,0.22717,0.8839,0.99909,1,0.995,0.93568,0.99909,1,0.995,0.91076,0.40711,0.51482,0.02468,0.18524,0.83501,0.00115652,0.00115652,0.00115652
215,9858.19,0.33003,0.64511,0.10762,0.22437,0.87659,0.99908,1,0.995,0.9376,0.99908,1,0.995,0.91165,0.39346,0.51231,0.02481,0.18518,0.82831,0.00115256,0.00115256,0.00115256
216,9893.87,0.33781,0.66834,0.10708,0.22725,0.88099,0.99909,1,0.995,0.94204,0.99909,1,0.995,0.91027,0.38869,0.51704,0.02201,0.19237,0.82692,0.0011486,0.0011486,0.0011486
217,9929.7,0.33742,0.66158,0.11,0.22914,0.88408,0.99907,1,0.995,0.93596,0.99907,1,0.995,0.91545,0.40808,0.50389,0.02515,0.19189,0.83363,0.00114464,0.00114464,0.00114464
218,9965.61,0.33594,0.6631,0.0963,0.23101,0.87291,0.99908,1,0.995,0.94551,0.99908,1,0.995,0.91774,0.39769,0.51425,0.02755,0.18685,0.82236,0.00114068,0.00114068,0.00114068
219,10000.5,0.33214,0.65185,0.10046,0.22646,0.88093,0.99908,1,0.995,0.94079,0.99908,1,0.995,0.91708,0.39522,0.49775,0.0199,0.19257,0.82655,0.00113672,0.00113672,0.00113672
220,10035.6,0.32548,0.65083,0.10013,0.22437,0.87612,0.99907,1,0.995,0.93638,0.99907,1,0.995,0.9161,0.39938,0.50794,0.02156,0.18311,0.83299,0.00113276,0.00113276,0.00113276
221,10071,0.33887,0.6629,0.11064,0.23139,0.88404,0.99907,1,0.995,0.93776,0.99907,1,0.995,0.92414,0.39376,0.48083,0.02078,0.17838,0.83535,0.0011288,0.0011288,0.0011288
222,10106.3,0.32476,0.65002,0.10616,0.22324,0.88045,0.99909,1,0.995,0.93419,0.99909,1,0.995,0.92483,0.41656,0.4974,0.02238,0.18654,0.83779,0.00112484,0.00112484,0.00112484
223,10141.4,0.33724,0.63707,0.10234,0.23283,0.88719,0.99908,1,0.995,0.93801,0.99908,1,0.995,0.91904,0.41148,0.47547,0.02149,0.18333,0.82931,0.00112088,0.00112088,0.00112088
224,10177.1,0.33344,0.6862,0.10964,0.23132,0.8733,0.99907,1,0.995,0.93868,0.99907,1,0.995,0.91137,0.40034,0.49699,0.02097,0.18794,0.83529,0.00111692,0.00111692,0.00111692
225,10212,0.32891,0.67145,0.10121,0.22455,0.88351,0.99906,1,0.995,0.93983,0.99906,1,0.995,0.92139,0.39467,0.47296,0.02112,0.17788,0.8287,0.00111296,0.00111296,0.00111296
226,10247.4,0.3268,0.65403,0.10298,0.22027,0.87906,0.99909,1,0.995,0.94329,0.99909,1,0.995,0.91556,0.39909,0.50945,0.02303,0.18449,0.82737,0.001109,0.001109,0.001109
227,10282.9,0.32683,0.65449,0.1053,0.22235,0.87564,0.99888,1,0.995,0.94606,0.99888,1,0.995,0.91526,0.40595,0.50507,0.02212,0.18892,0.83174,0.00110504,0.00110504,0.00110504
228,10318.4,0.32408,0.62073,0.10087,0.22979,0.87631,0.99905,1,0.995,0.93966,0.99905,1,0.995,0.92622,0.3898,0.45742,0.02067,0.18376,0.81774,0.00110108,0.00110108,0.00110108
229,10354.2,0.33389,0.6732,0.1059,0.23036,0.88502,0.99906,1,0.995,0.94026,0.99906,1,0.995,0.92523,0.39181,0.47009,0.01897,0.18284,0.82478,0.00109712,0.00109712,0.00109712
230,10390.3,0.32167,0.64372,0.10757,0.22371,0.88099,0.99908,1,0.995,0.94696,0.99908,1,0.995,0.9263,0.39188,0.47785,0.0251,0.17996,0.82387,0.00109316,0.00109316,0.00109316
231,10425.8,0.3301,0.6284,0.10472,0.22764,0.88058,0.99907,1,0.995,0.93984,0.99907,1,0.995,0.92422,0.40502,0.48273,0.02409,0.18574,0.83172,0.0010892,0.0010892,0.0010892
232,10461.1,0.32448,0.67956,0.10467,0.22253,0.88555,0.99903,1,0.995,0.93578,0.99903,1,0.995,0.91744,0.39617,0.47566,0.02031,0.18236,0.82541,0.00108524,0.00108524,0.00108524
233,10496.3,0.32574,0.59167,0.09835,0.22413,0.87162,0.99909,1,0.995,0.93764,0.99909,1,0.995,0.91293,0.40388,0.48772,0.01745,0.18791,0.82482,0.00108128,0.00108128,0.00108128
234,10531.2,0.33088,0.66767,0.10138,0.22765,0.88253,0.99899,1,0.995,0.94671,0.99899,1,0.995,0.91994,0.39551,0.47829,0.01783,0.18712,0.82083,0.00107732,0.00107732,0.00107732
235,10566.9,0.3322,0.67444,0.10803,0.22512,0.87795,0.99901,1,0.995,0.93932,0.99901,1,0.995,0.92272,0.39191,0.4894,0.0188,0.18309,0.82409,0.00107336,0.00107336,0.00107336
236,10603,0.31567,0.6042,0.10458,0.2194,0.87372,0.99908,1,0.995,0.9393,0.99908,1,0.995,0.92414,0.40259,0.4871,0.02195,0.18487,0.83319,0.0010694,0.0010694,0.0010694
237,10639.1,0.32023,0.63762,0.10345,0.22267,0.87736,0.99907,1,0.995,0.93682,0.99907,1,0.995,0.92288,0.40626,0.47885,0.02011,0.1881,0.83763,0.00106544,0.00106544,0.00106544
238,10675,0.31906,0.62294,0.09769,0.22406,0.87349,0.9991,1,0.995,0.9346,0.9991,1,0.995,0.91954,0.40867,0.48077,0.01964,0.1898,0.84147,0.00106148,0.00106148,0.00106148
239,10710.2,0.31743,0.63903,0.098,0.22356,0.87213,0.9991,1,0.995,0.94205,0.9991,1,0.995,0.92043,0.4009,0.4948,0.01881,0.18692,0.83806,0.00105752,0.00105752,0.00105752
240,10745.5,0.3164,0.63863,0.10389,0.2186,0.87471,0.99909,1,0.995,0.94751,0.99909,1,0.995,0.92485,0.40032,0.46688,0.01924,0.18182,0.83519,0.00105356,0.00105356,0.00105356
241,10780.6,0.31404,0.60727,0.10649,0.21875,0.87196,0.99909,1,0.995,0.94665,0.99909,1,0.995,0.9261,0.39684,0.45914,0.01883,0.18606,0.83388,0.0010496,0.0010496,0.0010496
242,10815.9,0.31928,0.6459,0.09806,0.22229,0.87556,0.99907,1,0.995,0.94355,0.99907,1,0.995,0.91749,0.39265,0.47895,0.01921,0.18283,0.83757,0.00104564,0.00104564,0.00104564
243,10851.4,0.31975,0.62415,0.10118,0.21739,0.86963,0.99908,1,0.995,0.9423,0.99908,1,0.995,0.92139,0.39373,0.45637,0.01912,0.19009,0.82978,0.00104168,0.00104168,0.00104168
244,10887.3,0.31028,0.62462,0.10277,0.21815,0.86723,0.9991,1,0.995,0.94923,0.9991,1,0.995,0.92146,0.39263,0.46452,0.01966,0.18201,0.8334,0.00103772,0.00103772,0.00103772
245,10923.6,0.31086,0.61459,0.09815,0.21733,0.86769,1,1,0.995,0.94842,1,1,0.995,0.93394,0.38593,0.4591,0.02048,0.17403,0.82501,0.00103376,0.00103376,0.00103376
246,10959.9,0.31729,0.59811,0.10081,0.21856,0.87903,0.99909,1,0.995,0.94535,0.99909,1,0.995,0.92675,0.40154,0.47689,0.01815,0.18876,0.83118,0.0010298,0.0010298,0.0010298
247,10995.3,0.32765,0.60705,0.09785,0.22341,0.88074,0.99908,1,0.995,0.94647,0.99908,1,0.995,0.92227,0.40014,0.46797,0.01815,0.18877,0.82786,0.00102584,0.00102584,0.00102584
248,11031,0.3177,0.62555,0.10094,0.22137,0.8747,0.99908,1,0.995,0.94436,0.99908,1,0.995,0.92465,0.39707,0.4799,0.01891,0.19153,0.83076,0.00102188,0.00102188,0.00102188
249,11066.1,0.31704,0.60501,0.1015,0.21749,0.87826,0.99908,1,0.995,0.9399,0.99908,1,0.995,0.91004,0.39301,0.48948,0.02507,0.18759,0.82611,0.00101792,0.00101792,0.00101792
250,11101.2,0.31872,0.62555,0.10055,0.22161,0.87461,0.99909,1,0.995,0.93994,0.99909,1,0.995,0.92371,0.40064,0.47507,0.02178,0.18668,0.83286,0.00101396,0.00101396,0.00101396
251,11136.5,0.31741,0.61358,0.1044,0.2225,0.87344,0.99909,1,0.995,0.94029,0.99909,1,0.995,0.92723,0.40596,0.47543,0.0238,0.19532,0.8404,0.00101,0.00101,0.00101
252,11172.1,0.31633,0.6131,0.08974,0.21672,0.87931,0.99909,1,0.995,0.93962,0.99909,1,0.995,0.92481,0.40806,0.47735,0.01998,0.19257,0.84335,0.00100604,0.00100604,0.00100604
253,11207,0.31362,0.61205,0.10107,0.21702,0.87507,0.9991,1,0.995,0.9454,0.9991,1,0.995,0.92575,0.41045,0.47568,0.01996,0.18987,0.84216,0.00100208,0.00100208,0.00100208
254,11242.2,0.32837,0.6219,0.09456,0.22339,0.87989,0.99905,1,0.995,0.93844,0.99905,1,0.995,0.92207,0.41353,0.47963,0.01971,0.18677,0.83638,0.00099812,0.00099812,0.00099812
255,11277.8,0.3227,0.6105,0.09859,0.22323,0.87902,0.99907,1,0.995,0.93621,0.99907,1,0.995,0.92345,0.407,0.47763,0.01862,0.18849,0.8368,0.00099416,0.00099416,0.00099416
256,11312.9,0.31522,0.57968,0.09339,0.21183,0.87624,0.99907,1,0.995,0.93723,0.99907,1,0.995,0.92053,0.40362,0.48929,0.02089,0.18947,0.83263,0.0009902,0.0009902,0.0009902
257,11348.3,0.31594,0.60912,0.1005,0.21914,0.87551,0.99906,1,0.995,0.94219,0.99906,1,0.995,0.92755,0.3971,0.4766,0.02003,0.18093,0.82664,0.00098624,0.00098624,0.00098624
258,11383.5,0.32305,0.5727,0.09304,0.21857,0.87387,0.99909,1,0.995,0.94524,0.99909,1,0.995,0.92641,0.4009,0.46598,0.01973,0.1753,0.82882,0.00098228,0.00098228,0.00098228
259,11418.5,0.31973,0.60843,0.09785,0.2194,0.87394,0.99908,1,0.995,0.94351,0.99908,1,0.995,0.92262,0.39889,0.47136,0.01924,0.17631,0.82965,0.00097832,0.00097832,0.00097832
260,11453.8,0.31521,0.57281,0.09808,0.21661,0.87435,0.99907,1,0.995,0.94257,0.99907,1,0.995,0.91689,0.3928,0.46603,0.01797,0.18345,0.82752,0.00097436,0.00097436,0.00097436
261,11489.2,0.31343,0.58356,0.09277,0.21773,0.86742,0.99905,1,0.995,0.942,0.99905,1,0.995,0.92629,0.38344,0.45128,0.01819,0.17783,0.8269,0.0009704,0.0009704,0.0009704
262,11524,0.31826,0.63354,0.0968,0.21949,0.87352,0.99906,1,0.995,0.9483,0.99906,1,0.995,0.92569,0.38761,0.47401,0.01702,0.18309,0.82786,0.00096644,0.00096644,0.00096644
263,11559.9,0.30705,0.60719,0.09485,0.21715,0.86261,0.99908,1,0.995,0.94646,0.99908,1,0.995,0.92647,0.38748,0.46414,0.01754,0.17437,0.83048,0.00096248,0.00096248,0.00096248
264,11596.3,0.31557,0.6153,0.09336,0.22293,0.87089,0.9991,1,0.995,0.94417,0.9991,1,0.995,0.92064,0.38999,0.47575,0.01972,0.17546,0.83432,0.00095852,0.00095852,0.00095852
265,11631.5,0.2999,0.58284,0.09267,0.2111,0.87225,0.9991,1,0.995,0.94275,0.9991,1,0.995,0.92295,0.39579,0.48342,0.01849,0.18091,0.83564,0.00095456,0.00095456,0.00095456
266,11666.5,0.30339,0.59938,0.09406,0.21613,0.86901,0.99908,1,0.995,0.94008,0.99908,1,0.995,0.93195,0.3978,0.47178,0.01805,0.18792,0.82791,0.0009506,0.0009506,0.0009506
267,11701.9,0.30064,0.5737,0.09923,0.20966,0.87039,0.9991,1,0.995,0.94265,0.9991,1,0.995,0.92838,0.39667,0.46495,0.0199,0.18343,0.82955,0.00094664,0.00094664,0.00094664
268,11737.2,0.31657,0.59292,0.09613,0.21899,0.8782,1,1,0.995,0.94692,1,1,0.995,0.92482,0.39751,0.48108,0.01905,0.17715,0.83246,0.00094268,0.00094268,0.00094268
269,11772.1,0.31642,0.62567,0.0999,0.2149,0.87846,0.9991,1,0.995,0.94229,0.9991,1,0.995,0.93087,0.4048,0.47235,0.01884,0.18708,0.83622,0.00093872,0.00093872,0.00093872
270,11807.5,0.3148,0.57049,0.09586,0.21428,0.87277,0.99908,1,0.995,0.94294,0.99908,1,0.995,0.92619,0.41798,0.4754,0.01838,0.19158,0.84259,0.00093476,0.00093476,0.00093476
271,11842.4,0.30328,0.59605,0.0979,0.20983,0.87265,0.9991,1,0.995,0.93196,0.9991,1,0.995,0.92554,0.42473,0.48005,0.0197,0.19504,0.84486,0.0009308,0.0009308,0.0009308
272,11877.9,0.30593,0.58682,0.09054,0.21314,0.87082,0.99908,1,0.995,0.93599,0.99908,1,0.995,0.92999,0.40224,0.46073,0.01879,0.18655,0.83826,0.00092684,0.00092684,0.00092684
273,11913.6,0.30068,0.59685,0.09246,0.20849,0.86714,0.99909,1,0.995,0.94409,0.99909,1,0.995,0.93049,0.40445,0.46256,0.02094,0.18359,0.83524,0.00092288,0.00092288,0.00092288
274,11949.6,0.30216,0.57512,0.09649,0.20895,0.86825,0.99909,1,0.995,0.9463,0.99909,1,0.995,0.92466,0.39946,0.45376,0.01964,0.19153,0.83449,0.00091892,0.00091892,0.00091892
275,11985.2,0.30177,0.57589,0.0917,0.21282,0.87023,0.99909,1,0.995,0.94236,0.99909,1,0.995,0.92649,0.40271,0.47381,0.01954,0.1801,0.83511,0.00091496,0.00091496,0.00091496
276,12020.3,0.29993,0.57881,0.08979,0.21104,0.86185,0.9991,1,0.995,0.93714,0.9991,1,0.995,0.92921,0.4071,0.46605,0.0184,0.17951,0.83389,0.000911,0.000911,0.000911
277,12055.5,0.30248,0.5686,0.09002,0.20781,0.86816,0.99908,1,0.995,0.93889,0.99908,1,0.995,0.92448,0.40358,0.46007,0.01889,0.18213,0.83626,0.00090704,0.00090704,0.00090704
278,12090.8,0.30143,0.5734,0.09019,0.21017,0.86851,0.99909,1,0.995,0.93846,0.99909,1,0.995,0.9244,0.40057,0.45745,0.01961,0.18668,0.83709,0.00090308,0.00090308,0.00090308
279,12126.4,0.30624,0.58392,0.09013,0.20959,0.87575,0.99909,1,0.995,0.94109,0.99909,1,0.995,0.91933,0.40686,0.48213,0.01874,0.18426,0.83871,0.00089912,0.00089912,0.00089912
280,12162.3,0.30511,0.57693,0.09813,0.2156,0.87789,0.9991,1,0.995,0.9364,0.9991,1,0.995,0.9231,0.40093,0.46963,0.01956,0.1824,0.83973,0.00089516,0.00089516,0.00089516
281,12198.8,0.29323,0.58536,0.09166,0.21124,0.86103,0.99908,1,0.995,0.94423,0.99908,1,0.995,0.91526,0.39592,0.47892,0.01974,0.18742,0.83482,0.0008912,0.0008912,0.0008912
282,12234,0.29397,0.56217,0.09923,0.2064,0.86333,0.99908,1,0.995,0.92966,0.99908,1,0.995,0.92138,0.40528,0.47532,0.02176,0.188,0.84141,0.00088724,0.00088724,0.00088724
283,12269.5,0.31358,0.57848,0.0961,0.21481,0.88092,0.99908,1,0.995,0.9373,0.99908,1,0.995,0.91867,0.41324,0.4677,0.01963,0.18606,0.84311,0.00088328,0.00088328,0.00088328
284,12304.8,0.30757,0.58073,0.09836,0.21229,0.87374,0.99908,1,0.995,0.94074,0.99908,1,0.995,0.92713,0.40582,0.46171,0.0199,0.18172,0.83942,0.00087932,0.00087932,0.00087932
285,12340.1,0.29398,0.55744,0.09108,0.19961,0.86293,0.9991,1,0.995,0.9401,0.9991,1,0.995,0.92403,0.4055,0.45721,0.02043,0.17865,0.8389,0.00087536,0.00087536,0.00087536
286,12375.2,0.29921,0.55941,0.09005,0.20435,0.87057,0.99909,1,0.995,0.9435,0.99909,1,0.995,0.92575,0.39791,0.45489,0.01942,0.18114,0.83786,0.0008714,0.0008714,0.0008714
287,12411.3,0.29659,0.579,0.09754,0.20293,0.86493,0.99909,1,0.995,0.9306,0.99909,1,0.995,0.92361,0.39894,0.46114,0.01958,0.18036,0.83709,0.00086744,0.00086744,0.00086744
288,12447,0.30318,0.55988,0.09312,0.20434,0.86824,0.99908,1,0.995,0.9352,0.99908,1,0.995,0.92575,0.38729,0.45434,0.02012,0.17441,0.83029,0.00086348,0.00086348,0.00086348
289,12482.5,0.30151,0.53833,0.09211,0.20611,0.86863,0.99906,1,0.995,0.94308,0.99906,1,0.995,0.91481,0.3829,0.47354,0.01991,0.17272,0.82977,0.00085952,0.00085952,0.00085952
290,12517.7,0.29401,0.5505,0.0913,0.20837,0.87183,0.99909,1,0.995,0.94168,0.99909,1,0.995,0.9177,0.38692,0.4548,0.01999,0.17615,0.82689,0.00085556,0.00085556,0.00085556
291,12554.6,0.30194,0.54156,0.09189,0.21619,0.86153,0.99909,1,0.995,0.93696,0.99909,1,0.995,0.91728,0.39214,0.45957,0.02059,0.17716,0.82901,0.0008516,0.0008516,0.0008516
292,12590.4,0.30494,0.56966,0.09053,0.21057,0.87172,0.9991,1,0.995,0.93905,0.9991,1,0.995,0.92078,0.38686,0.46719,0.02232,0.17062,0.82684,0.00084764,0.00084764,0.00084764
293,12626.1,0.29649,0.56413,0.09716,0.20702,0.86738,0.99908,1,0.995,0.94522,0.99908,1,0.995,0.91581,0.38923,0.46034,0.02201,0.17694,0.82897,0.00084368,0.00084368,0.00084368
294,12661.4,0.27943,0.54481,0.09082,0.19456,0.85739,0.99907,1,0.995,0.94127,0.99907,1,0.995,0.91937,0.38929,0.45901,0.01877,0.17871,0.82807,0.00083972,0.00083972,0.00083972
295,12696.8,0.29516,0.58762,0.09165,0.20617,0.86924,0.99906,1,0.995,0.94382,0.99906,1,0.995,0.92027,0.38654,0.45857,0.01832,0.18092,0.82496,0.00083576,0.00083576,0.00083576
296,12731.6,0.29026,0.54243,0.09144,0.2051,0.85779,0.99905,1,0.995,0.94339,0.99905,1,0.995,0.91697,0.37781,0.46244,0.01759,0.17486,0.82689,0.0008318,0.0008318,0.0008318
297,12766.8,0.29753,0.53159,0.0933,0.20802,0.87259,0.99905,1,0.995,0.94381,0.99905,1,0.995,0.92261,0.38635,0.46788,0.01778,0.17931,0.82964,0.00082784,0.00082784,0.00082784
298,12801.8,0.29775,0.56229,0.08817,0.20773,0.86576,0.99907,1,0.995,0.94351,0.99907,1,0.995,0.92153,0.38722,0.4676,0.01791,0.18208,0.82781,0.00082388,0.00082388,0.00082388
299,12837.1,0.29327,0.53158,0.08816,0.20645,0.86704,0.99908,1,0.995,0.94013,0.99908,1,0.995,0.91459,0.38784,0.46373,0.01846,0.17833,0.82864,0.00081992,0.00081992,0.00081992
300,12872,0.28527,0.52331,0.08682,0.20198,0.86358,0.99873,1,0.995,0.93893,0.99873,1,0.995,0.91673,0.39553,0.46956,0.01975,0.17919,0.83558,0.00081596,0.00081596,0.00081596
301,12907.3,0.28877,0.53995,0.08877,0.20178,0.86537,0.99909,1,0.995,0.93919,0.99909,1,0.995,0.92394,0.3948,0.46558,0.01872,0.18084,0.83499,0.000812,0.000812,0.000812
302,12942.8,0.2971,0.57423,0.09519,0.20196,0.86409,0.99909,1,0.995,0.94109,0.99909,1,0.995,0.91717,0.3938,0.46547,0.01883,0.18204,0.83352,0.00080804,0.00080804,0.00080804
303,12978.1,0.29187,0.5703,0.09323,0.20528,0.8662,0.9991,1,0.995,0.94484,0.9991,1,0.995,0.9166,0.39028,0.47089,0.01839,0.18489,0.83182,0.00080408,0.00080408,0.00080408
304,13013,0.30405,0.56999,0.08835,0.20937,0.87032,0.99909,1,0.995,0.94941,0.99909,1,0.995,0.92797,0.38694,0.46862,0.01905,0.18039,0.83469,0.00080012,0.00080012,0.00080012
305,13048.5,0.29213,0.55024,0.09029,0.20809,0.86011,0.99909,1,0.995,0.94522,0.99909,1,0.995,0.92705,0.39058,0.46264,0.01824,0.17922,0.83476,0.00079616,0.00079616,0.00079616
306,13083.3,0.2933,0.54092,0.08961,0.20506,0.86826,1,1,0.995,0.94088,1,1,0.995,0.92914,0.40052,0.45563,0.01892,0.18384,0.8351,0.0007922,0.0007922,0.0007922
307,13118.9,0.28822,0.52439,0.08668,0.20344,0.8547,0.99911,1,0.995,0.94228,0.99911,1,0.995,0.92782,0.39682,0.45186,0.01784,0.17799,0.83425,0.00078824,0.00078824,0.00078824
308,13154.5,0.27738,0.53113,0.09096,0.20023,0.8541,0.99911,1,0.995,0.9459,0.99911,1,0.995,0.92719,0.39098,0.44856,0.01777,0.17746,0.83188,0.00078428,0.00078428,0.00078428
309,13190.2,0.28096,0.51153,0.08564,0.19541,0.86023,0.9991,1,0.995,0.94707,0.9991,1,0.995,0.9331,0.39216,0.4526,0.01807,0.18037,0.83042,0.00078032,0.00078032,0.00078032
310,13225.7,0.28364,0.52931,0.08782,0.20034,0.86186,0.9991,1,0.995,0.94431,0.9991,1,0.995,0.92816,0.39795,0.45164,0.01904,0.1795,0.83083,0.00077636,0.00077636,0.00077636
311,13260.9,0.28241,0.50652,0.08853,0.19851,0.85633,0.99909,1,0.995,0.9387,0.99909,1,0.995,0.9211,0.39758,0.45326,0.01896,0.1788,0.83075,0.0007724,0.0007724,0.0007724
312,13295.9,0.29052,0.52506,0.09315,0.20239,0.86493,0.99909,1,0.995,0.94357,0.99909,1,0.995,0.92638,0.40052,0.44847,0.01972,0.1823,0.83295,0.00076844,0.00076844,0.00076844
313,13331.3,0.29553,0.53602,0.08599,0.20105,0.86689,0.99909,1,0.995,0.94366,0.99909,1,0.995,0.934,0.39122,0.45229,0.02065,0.17927,0.83083,0.00076448,0.00076448,0.00076448
314,13366.6,0.29222,0.54058,0.08483,0.2043,0.86544,0.9991,1,0.995,0.9364,0.9991,1,0.995,0.92422,0.39499,0.45206,0.01901,0.17898,0.82937,0.00076052,0.00076052,0.00076052
315,13402.1,0.28795,0.53961,0.09081,0.20297,0.86625,0.99909,1,0.995,0.94171,0.99909,1,0.995,0.92514,0.38897,0.44513,0.01826,0.17375,0.8275,0.00075656,0.00075656,0.00075656
316,13438.4,0.27754,0.51354,0.09483,0.19841,0.8628,0.9991,1,0.995,0.94126,0.9991,1,0.995,0.92194,0.38812,0.44164,0.01892,0.17451,0.82446,0.0007526,0.0007526,0.0007526
317,13474.9,0.28716,0.51934,0.08982,0.19712,0.86739,0.99909,1,0.995,0.93745,0.99909,1,0.995,0.92558,0.39393,0.44236,0.01749,0.18044,0.82546,0.00074864,0.00074864,0.00074864
318,13510.7,0.29054,0.50744,0.08865,0.20069,0.86783,0.9991,1,0.995,0.94014,0.9991,1,0.995,0.92621,0.39177,0.43646,0.01729,0.17675,0.82636,0.00074468,0.00074468,0.00074468
319,13545.8,0.27928,0.49337,0.08415,0.19173,0.86267,0.99911,1,0.995,0.94225,0.99911,1,0.995,0.93557,0.40163,0.43636,0.01665,0.17804,0.82824,0.00074072,0.00074072,0.00074072
320,13581.2,0.28426,0.5421,0.08903,0.19757,0.86593,0.9991,1,0.995,0.94169,0.9991,1,0.995,0.9325,0.39179,0.44965,0.01706,0.17563,0.8225,0.00073676,0.00073676,0.00073676
321,13616.5,0.28509,0.48847,0.08789,0.19711,0.86368,0.9991,1,0.995,0.94591,0.9991,1,0.995,0.93131,0.38352,0.44937,0.01604,0.17744,0.81941,0.0007328,0.0007328,0.0007328
322,13651.9,0.28446,0.52999,0.08458,0.19863,0.8593,0.9991,1,0.995,0.94966,0.9991,1,0.995,0.93144,0.38406,0.45197,0.01549,0.18032,0.81961,0.00072884,0.00072884,0.00072884
323,13687.6,0.28677,0.51046,0.08688,0.19939,0.85993,0.99911,1,0.995,0.94857,0.99911,1,0.995,0.93048,0.39579,0.45403,0.01571,0.18029,0.82417,0.00072488,0.00072488,0.00072488
324,13724,0.27732,0.48745,0.08916,0.19242,0.85624,0.99909,1,0.995,0.94854,0.99909,1,0.995,0.92885,0.39315,0.44856,0.01541,0.17354,0.82379,0.00072092,0.00072092,0.00072092
325,13759.9,0.2776,0.54328,0.09174,0.19752,0.86297,0.9991,1,0.995,0.94729,0.9991,1,0.995,0.92811,0.38684,0.45232,0.01603,0.17726,0.82195,0.00071696,0.00071696,0.00071696
326,13795.4,0.27844,0.52674,0.0894,0.19014,0.86378,0.99909,1,0.995,0.9474,0.99909,1,0.995,0.92394,0.38514,0.44643,0.01572,0.16835,0.8252,0.000713,0.000713,0.000713
327,13830.3,0.27737,0.52975,0.09423,0.19746,0.86367,0.99909,1,0.995,0.94228,0.99909,1,0.995,0.92676,0.39352,0.44324,0.01686,0.17261,0.82496,0.00070904,0.00070904,0.00070904
328,13865.6,0.27348,0.52587,0.0901,0.19722,0.85955,0.99909,1,0.995,0.94627,0.99909,1,0.995,0.92939,0.39452,0.44903,0.01586,0.1676,0.82611,0.00070508,0.00070508,0.00070508
329,13900.9,0.27906,0.51592,0.08667,0.19088,0.85918,0.9991,1,0.995,0.94238,0.9991,1,0.995,0.92627,0.39084,0.45383,0.01616,0.17496,0.82589,0.00070112,0.00070112,0.00070112
330,13935.8,0.27592,0.49745,0.08823,0.19491,0.85838,0.9991,1,0.995,0.94482,0.9991,1,0.995,0.93074,0.39225,0.45212,0.01726,0.16938,0.82475,0.00069716,0.00069716,0.00069716
331,13970.7,0.27753,0.51758,0.08829,0.19624,0.85603,0.99909,1,0.995,0.94667,0.99909,1,0.995,0.93076,0.39206,0.4413,0.01663,0.16804,0.82211,0.0006932,0.0006932,0.0006932
332,14005.9,0.27111,0.48912,0.0888,0.19142,0.85773,0.99909,1,0.995,0.94733,0.99909,1,0.995,0.93085,0.39329,0.45563,0.02072,0.17109,0.82563,0.00068924,0.00068924,0.00068924
333,14041,0.27712,0.50829,0.08656,0.19206,0.85781,0.99909,1,0.995,0.93955,0.99909,1,0.995,0.92124,0.3931,0.4397,0.01745,0.17573,0.82673,0.00068528,0.00068528,0.00068528
334,14076.1,0.27797,0.50891,0.09367,0.19577,0.86033,0.99907,1,0.995,0.93797,0.99907,1,0.995,0.92784,0.40267,0.44023,0.01813,0.18128,0.83022,0.00068132,0.00068132,0.00068132
335,14111.4,0.27866,0.52555,0.08842,0.19729,0.86444,0.99907,1,0.995,0.93993,0.99907,1,0.995,0.9284,0.4022,0.44236,0.01858,0.17959,0.83021,0.00067736,0.00067736,0.00067736
336,14146.3,0.26579,0.45892,0.0844,0.18864,0.85309,0.99909,1,0.995,0.94257,0.99909,1,0.995,0.92658,0.40051,0.45353,0.02122,0.17872,0.83059,0.0006734,0.0006734,0.0006734
337,14181,0.29282,0.54833,0.09104,0.20133,0.86326,0.99909,1,0.995,0.94384,0.99909,1,0.995,0.93112,0.39384,0.45336,0.02052,0.17472,0.8309,0.00066944,0.00066944,0.00066944
338,14216.1,0.27573,0.51649,0.09023,0.19744,0.858,0.99909,1,0.995,0.94788,0.99909,1,0.995,0.92938,0.39161,0.46254,0.02315,0.16979,0.8276,0.00066548,0.00066548,0.00066548
339,14250.9,0.2662,0.48636,0.08341,0.18891,0.85374,0.9991,1,0.995,0.94168,0.9991,1,0.995,0.93136,0.39186,0.45099,0.02016,0.1779,0.82643,0.00066152,0.00066152,0.00066152
340,14285.9,0.2722,0.50173,0.08572,0.19189,0.85854,0.9991,1,0.995,0.93799,0.9991,1,0.995,0.9254,0.39324,0.45461,0.02064,0.18096,0.83141,0.00065756,0.00065756,0.00065756
341,14321.8,0.27257,0.47443,0.08395,0.194,0.86138,0.9991,1,0.995,0.93501,0.9991,1,0.995,0.92546,0.39451,0.45098,0.02057,0.17757,0.83061,0.0006536,0.0006536,0.0006536
342,14357.7,0.28151,0.4904,0.08476,0.1943,0.86716,0.99909,1,0.995,0.93688,0.99909,1,0.995,0.92657,0.39941,0.45377,0.02049,0.17098,0.83248,0.00064964,0.00064964,0.00064964
343,14392.5,0.27792,0.50976,0.08836,0.19228,0.86552,0.9991,1,0.995,0.93995,0.9991,1,0.995,0.92431,0.39976,0.45672,0.01953,0.17385,0.82911,0.00064568,0.00064568,0.00064568
344,14427.7,0.271,0.48186,0.07805,0.1917,0.85358,0.9991,1,0.995,0.94651,0.9991,1,0.995,0.92562,0.39944,0.45887,0.01911,0.17108,0.82888,0.00064172,0.00064172,0.00064172
345,14462.8,0.27585,0.52861,0.08854,0.19609,0.86838,0.9991,1,0.995,0.94596,0.9991,1,0.995,0.92738,0.39532,0.46373,0.01868,0.17208,0.83005,0.00063776,0.00063776,0.00063776
